Symbol,RefSeq,Start,End,Bitscore,Sequence,Tm,GC,DeltaG
Asb4,NM_001355662.1,385,424,73,AGGCTATTGGTTGCCCAGTTATAAGCTGAAGTCTTCCTGG,65.83002087784911,47.5,-0.8
Asb4,NM_001355662.1,417,456,73,CTTCCTGGGCCACAGGCCTGCATCTGTCAGTTTTGCTTGG,70.7170579029713,57.5,-4.1
Asb4,NM_001355662.1,449,488,73,TTGCTTGGTCATGTGGAGTGCCTGATGGTACTGCTGGACC,69.71207546412847,55.0,-5.4
Asb4,NM_001355662.1,481,520,73,GCTGGACCACAATGCTACCATCAACTGTCGTCCCAACGGG,70.24045809171673,57.5,-4.1
Asb4,NM_001355662.1,545,584,73,GAAATCGCCAACCTCGAGTGCGTGAAGATTCTCTGTGACC,67.93249066116385,52.5,-0.3
Asb4,NM_001355662.1,577,616,73,CTGTGACCGTGGCGCAAAGCTCAACTGCTACTCCCTGAGT,70.9302994114309,57.5,-1.5
Asb4,NM_001355662.1,609,648,73,CCCTGAGTGGGCACACTGCTTTGCACTTCTGCACCACACC,71.9427018047989,60.0,-4.5
Asb4,NM_001355662.1,641,680,73,ACCACACCGAGCTCCATCCTCTGTGCCAAGCAGTTGGTGT,71.7948460598027,57.5,-4.7
Asb4,NM_001355662.1,673,712,73,GTTGGTGTTGAGAGGTGCAAACGTAAACATGAAAACCAAC,64.61354394899274,42.5,-4.0
Asb4,NM_001355662.1,3200,3239,73,CTCTCCATCACCAGGAACATTCTGGCAGAAAAGTCTGTGC,66.62826826992517,50.0,-1.5
Asb4,NM_001355662.1,3232,3271,73,GTCTGTGCTGGACTGATTTATCACAGGTGTAGTGGGACTG,65.89156243898032,50.0,-2.1
Asb4,NM_001355662.1,3264,3303,73,TGGGACTGAGAACAAGCAGACAAGGTTTTCCTCATATAGG,64.38329474155222,45.0,-1.3
Asb4,NM_001355662.1,3296,3335,73,CATATAGGGAGCTAGGGATGTTTGTCATAGTGTTGCAATG,62.70375445348259,42.5,0.1
Asb4,NM_001355662.1,3328,3367,73,TTGCAATGTTTCCCTTAGTCTAGTGTGGAATATGTAGCCA,63.16657165987755,40.0,-0.1
Asb4,NM_001355662.1,3360,3399,73,TGTAGCCACTTGTTTTGAATTGCTTGCACATGTGTTTAAT,63.012000597230156,35.0,-1.8
Asb4,NM_001355662.1,3392,3431,73,TGTTTAATGTGATTATTTCTGTACCTTGTCCTTTAATAAA,56.6146833149225,25.0,1.1
Asb4,NM_023048.5,216,255,73,AGGCTATTGGTTGCCCAGTTATAAGCTGAAGTCTTCCTGG,65.83002087784911,47.5,-0.8
Asb4,NM_023048.5,248,287,73,CTTCCTGGGCCACAGGCCTGCATCTGTCAGTTTTGCTTGG,70.7170579029713,57.5,-4.1
Asb4,NM_023048.5,280,319,73,TTGCTTGGTCATGTGGAGTGCCTGATGGTACTGCTGGACC,69.71207546412847,55.0,-5.4
Asb4,NM_023048.5,312,351,73,GCTGGACCACAATGCTACCATCAACTGTCGTCCCAACGGG,70.24045809171673,57.5,-4.1
